2010-01-04,0.0
2010-01-05,0.00250898885831
2010-01-06,0.00184622085594
2010-01-07,0.000244495068271
2010-01-08,0.00458959200185
2010-01-11,0.00227774381364
2010-01-12,-0.00871798992638
2010-01-13,0.00581143337549
2010-01-14,0.00217939316694
2010-01-15,-0.0099837626588
2010-01-19,0.0104689658176
2010-01-20,-0.0134242800881
2010-01-21,-0.0168408237498
2010-01-22,-0.0177788063407
2010-01-25,0.00673158114035
2010-01-26,-0.00631117580061
2010-01-27,0.000640436640486
2010-01-28,-0.00906759721015
2010-01-29,-0.0102639515132
2010-02-01,0.0158102733338
2010-02-02,0.0106812842581
2010-02-03,-0.005859488493
2010-02-04,-0.0284282449607
2010-02-05,-0.00143589629459
2010-02-08,-0.00821068324467
2010-02-09,0.0166156435678
2010-02-10,-0.00242893787031
2010-02-11,0.0104332007964
2010-02-12,-0.00224812727976
2010-02-16,0.0149020607332
2010-02-17,0.00325508536778
2010-02-18,0.00470609524343
2010-02-19,-0.00113782348456
2010-02-22,-0.00125265621813
2010-02-23,-0.0109213886555
2010-02-24,0.00681938499084
2010-02-25,-0.00216020994677
2010-02-26,0.00273030323669
2010-03-01,0.0091368597694
2010-03-02,0.00495491339327
2010-03-03,0.00392487896181
2010-03-04,-0.000823064009554
2010-03-05,0.0160129410892
2010-03-08,-0.000694645404394
2010-03-09,0.000876086417044
2010-03-10,0.00395776984239
2010-03-11,0.00251697943504
2010-03-12,0.000763698085377
2010-03-15,-0.00283411056755
2010-03-16,0.00774481298657
2010-03-17,0.00574887895169
2010-03-18,-0.00307714996602
2010-03-19,-0.00654866337477
2010-03-22,0.00345375825131
2010-03-23,0.00614806137477
2010-03-24,-0.00866198272607
2010-03-25,-0.00286977736187
2010-03-26,0.00234547821351
2010-03-29,0.00809531906333
2010-03-30,0.000989922304406
2010-03-31,-0.000935578693398
2010-04-01,0.0104846116707
2010-04-05,0.00544889753119
2010-04-06,0.00155429110272
2010-04-07,-0.0057074572459
2010-04-08,0.00188585406969
2010-04-09,0.00696177113383
2010-04-12,0.000769202243153
2010-04-13,0.000107771883963
2010-04-14,0.0103687005146
2010-04-15,-3.1828691322e-05
2010-04-16,-0.0153337110238
2010-04-19,0.000100604270024
2010-04-20,0.00801116798624
2010-04-21,-0.00163121507944
2010-04-22,0.000833862847515
2010-04-23,0.00610055954026
2010-04-26,-0.000728737215727
2010-04-27,-0.0243979003663
2010-04-28,0.0047640252862
2010-04-29,0.0108083472019
2010-04-30,-0.0118606323245
2010-05-03,0.00828833112117
2010-05-04,-0.0252573677871
2010-05-05,-0.00983264610507
2010-05-06,-0.0297139179985
2010-05-07,-0.00945290855411
2010-05-10,0.0430197146823
2010-05-11,-0.00573731406466
2010-05-12,0.0111999937893
2010-05-13,-0.00883450282637
2010-05-14,-0.0161892820306
2010-05-17,-0.00117237122183
2010-05-18,-0.0128658033877
2010-05-19,-0.00419124938102
2010-05-20,-0.0331834453763
2010-05-21,0.016390164871
2010-05-24,-0.0118314033667
2010-05-25,-0.00120169444715
2010-05-26,-0.00510562173043
2010-05-27,0.0343191030444
2010-05-28,-0.0110942351257
2010-06-01,-0.0154637931229
2010-06-02,0.0236615579289
2010-06-03,0.0011152628704
2010-06-04,-0.0291866129651
2010-06-07,-0.0116340581318
2010-06-08,0.010829318052
2010-06-09,-0.00398307404343
2010-06-10,0.02671786836
2010-06-11,0.00400263350382
2010-06-14,0.000529390030888
2010-06-15,0.0207042599618
2010-06-16,-0.00102719947955
2010-06-17,0.000604787526518
2010-06-18,0.0010680058417
2010-06-21,0.00118491687656
2010-06-22,-0.0139197983431
2010-06-23,-0.000267962227841
2010-06-24,-0.0130846255806
2010-06-25,0.00474975021434
2010-06-28,-0.00389930631604
2010-06-29,-0.0266622803998
2010-06-30,-0.00628557868704
2010-07-01,0.00137506662598
2010-07-02,-0.00193037196684
2010-07-06,0.0078044911492
2010-07-07,0.0241673418896
2010-07-08,0.00802165449374
2010-07-09,0.00529492088473
2010-07-12,-0.0017858565132
2010-07-13,0.0126392351577
2010-07-14,0.000135029527859
2010-07-15,0.00163554333076
2010-07-16,-0.0231688197057
2010-07-19,0.00565605824784
2010-07-20,0.0101910598623
2010-07-21,-0.0103051063011
2010-07-22,0.0206843004291
2010-07-23,0.00761411544755
2010-07-26,0.00785659721351
2010-07-27,9.67904815596e-05
2010-07-28,-0.00401088141012
2010-07-29,-0.00164992639405
2010-07-30,0.000498471412084
2010-08-02,0.0208615293643
2010-08-03,-0.00328288117724
2010-08-04,0.00415438402575
2010-08-05,-0.000954530977628
2010-08-06,-0.00168941873703
2010-08-09,0.0039327443783
2010-08-10,-0.00596975181691
2010-08-11,-0.0264969559159
2010-08-12,-0.00206712474785
2010-08-13,-0.00141513498672
2010-08-16,0.00231234062577
2010-08-17,0.0105386072692
2010-08-18,0.000661538086506
2010-08-19,-0.0112983652196
2010-08-20,-0.00392623189674
2010-08-23,-0.00356315726455
2010-08-24,-0.0107637857012
2010-08-25,0.00112878850933
2010-08-26,-0.0041789318171
2010-08-27,0.0150295925004
2010-08-30,-0.0113302313312
2010-08-31,0.00108486109013
2010-09-01,0.0251639966026
2010-09-02,0.00590587294267
2010-09-03,0.00888726478777
2010-09-07,-0.00933100809294
2010-09-08,0.0053402955142
2010-09-09,0.0041845894456
2010-09-10,0.0036266955986
2010-09-13,0.011852943156
2010-09-14,0.00098717714719
2010-09-15,0.00171201522267
2010-09-16,-0.00215790492977
2010-09-17,-0.00159691907059
2010-09-20,0.013623861136
2010-09-21,-0.000880457443153
2010-09-22,-0.00204147416424
2010-09-23,-0.00660546020026
2010-09-24,0.0176044682332
2010-09-27,-0.00299650577301
2010-09-28,0.00517817888982
2010-09-29,-0.000353968313193
2010-09-30,-0.00184273157111
2010-10-01,0.00691232366322
2010-10-04,-0.00732268975475
2010-10-05,0.0172817700507
2010-10-06,0.00216553706046
2010-10-07,-0.00248282621927
2010-10-08,0.00621611419294
2010-10-11,0.000517742327981
2010-10-12,-7.95902949079e-05
2010-10-13,0.00837538213783
2010-10-14,0.000263405715025
2010-10-15,-0.000438514918477
2010-10-18,0.00348800750522
2010-10-19,-0.0169149634493
2010-10-20,0.0111371295497
2010-10-21,-0.000220665121618
2010-10-22,0.00229766231144
2010-10-25,0.00390292467651
2010-10-26,-0.00166238020507
2010-10-27,-0.00668929656034
2010-10-28,0.00197581016226
2010-10-29,0.00118465589621
2010-11-01,0.00096946046916
2010-11-02,0.0087932388656
2010-11-03,0.00430167492167
2010-11-04,0.0174247872547
2010-11-05,0.0007792701713
2010-11-08,-0.00244876371406
2010-11-09,-0.00834813282802
2010-11-10,0.00285513361033
2010-11-11,-0.00515547061633
2010-11-12,-0.0109393480966
2010-11-15,-0.00378586893162
2010-11-16,-0.0177527781062
2010-11-17,0.00298288817327
2010-11-18,0.0160944852444
2010-11-19,0.00389545023625
2010-11-22,-0.00179034557477
2010-11-23,-0.0177298589003
2010-11-24,0.0132537867449
2010-11-26,-0.00915947054036
2010-11-29,-0.00222478841618
2010-11-30,-0.00521039394727
2010-12-01,0.0200403678345
2010-12-02,0.0125151121702
2010-12-03,0.00370669752381
2010-12-06,-0.00139741337231
2010-12-07,-0.00246490819504
2010-12-08,-0.000772706071026
2010-12-09,0.00175608795988
2010-12-10,0.00375273828173
2010-12-13,0.00322927023385
2010-12-14,-0.00211510899062
2010-12-15,-0.00607159452603
2010-12-16,0.00610646002426
2010-12-17,0.00186407303926
2010-12-20,-0.000452262918796
2010-12-21,0.00645042716414
2010-12-22,0.0033965777149
2010-12-23,-0.00114180517868
2010-12-27,-0.000137675361476
2010-12-28,0.000211612811988
2010-12-29,0.00476412483146
2010-12-30,0.000393866146718
2010-12-31,0.00185687700359
2011-01-03,0.00834081536244
2011-01-04,-0.00110577254797
2011-01-05,-0.000100074641349
2011-01-06,-0.00513229187329
2011-01-07,-0.00244570977839
2011-01-10,-0.00233832082372
2011-01-11,0.00561737600296
2011-01-12,0.011100881814
2011-01-13,-0.0034788013169
2011-01-14,0.00295655398176
2011-01-18,0.00475190456393
2011-01-19,-0.00740481021737
2011-01-20,-0.00457245708326
2011-01-21,0.00191114526854
2011-01-24,0.00626811119343
2011-01-25,-0.00104459103289
2011-01-26,0.00707229817431
2011-01-27,0.000447357942974
2011-01-28,-0.0167332490596
2011-01-31,0.0069878089347
2011-02-01,0.016445933026
2011-02-02,-0.00255832580153
2011-02-03,0.000729324187446
2011-02-04,0.000495837236018
2011-02-07,0.00352023249644
2011-02-08,0.00254845063513
2011-02-09,-0.00474620531214
2011-02-10,-0.00122014023432
2011-02-11,0.00722488588488
2011-02-14,0.000759705144131
2011-02-15,-0.00242711611091
2011-02-16,0.0069957939856
2011-02-17,0.00472342334611
2011-02-18,0.0033081158854
2011-02-22,-0.0207518275744
2011-02-23,-0.001995111878
2011-02-24,0.00030706360584
2011-02-25,0.0108561299367
2011-02-28,0.00657806008618
2011-03-01,-0.0128816219591
2011-03-02,0.00374919054556
2011-03-03,0.0145209743905
2011-03-04,-0.00586320961756
2011-03-07,-0.00911767328658
2011-03-08,0.00641256690825
2011-03-09,-0.00078935176309
2011-03-10,-0.0191330532278
2011-03-11,0.00497501018359
2011-03-14,-0.00484527029923
2011-03-15,-0.0112896070129
2011-03-16,-0.0166890552239
2011-03-17,0.0145997015606
2011-03-18,0.00513478926891
2011-03-21,0.0161797233305
2011-03-22,-0.00259608696076
2011-03-23,0.00349692912332
2011-03-24,0.00850088841022
2011-03-25,-0.00031156328245
2011-03-28,-0.00198122284268
2011-03-29,0.00620769845121
2011-03-30,0.00750029090865
2011-03-31,-0.000157766077427
2011-04-01,0.00769124827982
2011-04-04,0.00173108419356
2011-04-05,-0.000460603000394
2011-04-06,0.00221220557529
2011-04-07,-0.00136837303412
2011-04-08,-0.000108709405518
2011-04-11,-0.00463276115666
2011-04-12,-0.00976935440147
2011-04-13,0.00223095882138
2011-04-14,0.00274011153339
2011-04-15,0.00316319307222
2011-04-18,-0.0133128690148
2011-04-19,0.00682104498779
2011-04-20,0.0167169853151
2011-04-21,0.0049016901692
2011-04-25,-0.00203527613807
2011-04-26,0.00763451496508
2011-04-27,0.00519902557754
2011-04-28,0.00183694609425
2011-04-29,0.00356510440646
2011-05-02,-0.00156941342976
2011-05-03,-0.00864201522111
2011-05-04,-0.00807567793855
2011-05-05,-0.00964895494693
2011-05-06,0.00428193138578
2011-05-09,0.00519029789462
2011-05-10,0.00717189182184
2011-05-11,-0.0120904064282
2011-05-12,0.00369034399849
2011-05-13,-0.0099672156409
2011-05-16,-0.00361057723624
2011-05-17,0.00138063495506
2011-05-18,0.00834124838721
2011-05-19,0.00103459860427
2011-05-20,-0.00766236000763
2011-05-23,-0.0133387934999
2011-05-24,0.00292443409125
2011-05-25,0.00375340161643
2011-05-26,0.00658631182327
2011-05-27,0.00523188804383
2011-05-31,0.012180424787
2011-06-01,-0.0179077877035
2011-06-02,0.00172364183165
2011-06-03,-0.0051830383174
2011-06-06,-0.0107634484023
2011-06-07,0.00253373580047
2011-06-08,-0.0050356019777
2011-06-09,0.00666354281738
2011-06-10,-0.0157055927904
2011-06-13,-0.000957050591923
2011-06-14,0.0127565836481
2011-06-15,-0.0183725032436
2011-06-16,0.000202254803751
2011-06-17,0.00336260842789
2011-06-20,0.00195344211921
2011-06-21,0.0144873166504
2011-06-22,-0.00600882344879
2011-06-23,-0.00426185255477
2011-06-24,-0.00736186127136
2011-06-27,0.00698790072207
2011-06-28,0.011542675891
2011-06-29,0.00819618040634
2011-06-30,0.00973522141893
2011-07-01,0.010038667838
2011-07-05,-0.00146785098725
2011-07-06,-0.000154574254948
2011-07-07,0.00864235600796
2011-07-08,-0.00756499663793
2011-07-11,-0.0179277211492
2011-07-12,-0.00464993822523
2011-07-13,0.00742517117491
2011-07-14,-0.00700416698415
2011-07-15,0.00587921916425
2011-07-18,-0.00900291320909
2011-07-19,0.0139467184159
2011-07-20,0.00250760146834
2011-07-21,0.0125426006862
2011-07-22,0.00148789961729
2011-07-25,-0.00527839327339
2011-07-26,-0.000856902056264
2011-07-27,-0.0180610540605
2011-07-28,-0.00275553535345
2011-07-29,-0.0017073029125
2011-08-01,-0.00434018822246
2011-08-02,-0.0218124192151
2011-08-03,0.00399316071201
2011-08-04,-0.0465761674493
2011-08-05,0.000756976053246
2011-08-08,-0.0621717665545
2011-08-09,0.0436137877592
2011-08-10,-0.0369135082891
2011-08-11,0.0374368087873
2011-08-12,0.0074644144956
2011-08-15,0.0194233220776
2011-08-16,-0.00908653322484
2011-08-17,0.00290133229829
2011-08-18,-0.0359698881489
2011-08-19,-0.0137957145677
2011-08-22,0.00134130494002
2011-08-23,0.0274699527006
2011-08-24,0.00509829584797
2011-08-25,-0.0148158588617
2011-08-26,0.0130636142132
2011-08-29,0.0236224515328
2011-08-30,0.00093190505693
2011-08-31,0.00978135666047
2011-09-01,-0.00879672456429
2011-09-02,-0.0217319933706
2011-09-06,-0.0102374788581
2011-09-07,0.0240248496026
2011-09-08,-0.0117002861248
2011-09-09,-0.024424637189
2011-09-12,0.00198288164025
2011-09-13,0.006202612005
2011-09-14,0.00894134312984
2011-09-15,0.0140778759891
2011-09-16,0.00191152970966
2011-09-19,-0.0135982165776
2011-09-20,-0.00140413139829
2011-09-21,-0.0262785197862
2011-09-22,-0.0315704819546
2011-09-23,0.0068145936772
2011-09-26,0.0173332942486
2011-09-27,0.0143529221573
2011-09-28,-0.0185366558708
2011-09-29,0.00925252342076
2011-09-30,-0.025203136179
2011-10-03,-0.0222354306634
2011-10-04,0.0166487060799
2011-10-05,0.0141771773274
2011-10-06,0.0175886115622
2011-10-07,-0.00654786843545
2011-10-10,0.0299701971013
2011-10-11,-0.0010706037816
2011-10-12,0.0122472517617
2011-10-13,-0.000699283180629
2011-10-14,0.0134955701101
2011-10-17,-0.0184191011569
2011-10-18,0.0168940191257
2011-10-19,-0.0112127976657
2011-10-20,0.000259574313887
2011-10-21,0.0184503352702
2011-10-24,0.0148311637316
2011-10-25,-0.0154357326852
2011-10-26,0.0110172540973
2011-10-27,0.0348879749812
2011-10-28,-0.00161709041623
2011-10-31,-0.0287557347885
2011-11-01,-0.0214066965413
2011-11-02,0.0151324778546
2011-11-03,0.0156517506104
2011-11-04,-0.00529152801803
2011-11-07,0.00425999047738
2011-11-08,0.00978717165452
2011-11-09,-0.0355754846348
2011-11-10,0.00832611271851
2011-11-11,0.0174411864411
2011-11-14,-0.00989122497246
2011-11-15,0.00215314421778
2011-11-16,-0.0147321016236
2011-11-17,-0.0132956827669
2011-11-18,0.00031618706219
2011-11-21,-0.0172891550733
2011-11-22,-0.00247210765925
2011-11-23,-0.0199928575247
2011-11-25,-0.00313429601503
2011-11-28,0.0277551365192
2011-11-29,0.00278153186902
2011-11-30,0.0386116743435
2011-12-01,-0.00253436434581
2011-12-02,0.000494440293696
2011-12-05,0.00940045658393
2011-12-06,-0.00137741771644
2011-12-07,0.00309267495248
2011-12-08,-0.0215043865921
2011-12-09,0.0154206430706
2011-12-12,-0.0177024913601
2011-12-13,-0.00861574087303
2011-12-14,-0.0103721403207
2011-12-15,0.0034385364989
2011-12-16,0.00243172334183
2011-12-19,-0.0107698465941
2011-12-20,0.0271290230655
2011-12-21,0.00180236305921
2011-12-22,0.00828260275271
2011-12-23,0.00575108454165
2011-12-27,-0.000856326228043
2011-12-28,-0.011684643746
2011-12-29,0.0109023315055
2011-12-30,-0.00300686174889
2012-01-03,0.016346452607
2012-01-04,-0.000697929090764
2012-01-05,-0.000923054658827
2012-01-06,-0.00239770682362
2012-01-09,0.00331734142571
2012-01-10,0.00895979397737
2012-01-11,-0.000354662466498
2012-01-12,0.0017089950224
2012-01-13,-0.00462719452217
2012-01-17,0.00571225072027
2012-01-18,0.0126349258034
2012-01-19,0.00636580044627
2012-01-20,0.000461847771723
2012-01-23,0.002475680697
2012-01-24,-0.000215743483574
2012-01-25,0.00914810841981
2012-01-26,-0.00124344787757
2012-01-27,0.000599998972054
2012-01-30,-0.00600061626204
2012-01-31,0.000431086820704
2012-02-01,0.0122690898602
2012-02-02,0.00290181193827
2012-02-03,0.0109624014626
2012-02-06,-0.00322071105749
2012-02-07,0.00333951318431
2012-02-08,0.00323907021047
2012-02-09,0.000258059375636
2012-02-10,-0.00915492166945
2012-02-13,0.0100822586949
2012-02-14,-0.00312899342861
2012-02-15,-0.00185524643239
2012-02-16,0.00930722163357
2012-02-17,0.00182643404991
2012-02-21,0.000107012156952
2012-02-22,-0.000845506108297
2012-02-23,0.000141372371935
2012-02-24,0.00155650559397
2012-02-27,-0.00230126442091
2012-02-28,0.00478997542572
2012-02-29,-0.00550006291016
2012-03-01,0.00671573734783
2012-03-02,-0.00500338964367
2012-03-05,-0.00503139172278
2012-03-06,-0.0186099068571
2012-03-07,0.00747151846318
2012-03-08,0.0114713525276
2012-03-09,0.00108189394864
2012-03-12,-0.00176338550739
2012-03-13,0.0147155124849
2012-03-14,-0.00711223748704
2012-03-15,0.00419626068764
2012-03-16,0.00304926610164
2012-03-19,0.0013520202226
2012-03-20,-0.00674033766727
2012-03-21,-0.00086742345693
2012-03-22,-0.00719003420037
2012-03-23,0.00438622497307
2012-03-26,0.0118089266106
2012-03-27,-0.00308390373234
2012-03-28,-0.00584206484582
2012-03-29,-0.00232174268952
2012-03-30,0.0044989384739
2012-04-02,0.00771370483139
2012-04-03,-0.0069647419879
2012-04-04,-0.0120020764
2012-04-05,-0.00155139868967
2012-04-09,-0.00784637213769
2012-04-10,-0.0152692035699
2012-04-11,0.00759288272868
2012-04-12,0.0138576660143
2012-04-13,-0.0110813157073
2012-04-16,-7.58348381913e-05
2012-04-17,0.0126536606918
2012-04-18,-0.00308181201704
2012-04-19,-0.00331846480948
2012-04-20,0.0033804926231
2012-04-23,-0.0105934141691
2012-04-24,0.00414801237856
2012-04-25,0.0103073146076
2012-04-26,0.00576503866422
2012-04-27,0.00195371328105
2012-04-30,-0.00347045343735
2012-05-01,0.0052845819325
2012-05-02,-0.00280147498087
2012-05-03,-0.00697150708401
2012-05-04,-0.0123006267329
2012-05-07,0.00134277299854
2012-05-08,-0.00601252819487
2012-05-09,-0.00736574677845
2012-05-10,0.00260195183422
2012-05-11,-0.00425281978708
2012-05-14,-0.0134620855988
2012-05-15,-0.00469300258075
2012-05-16,-0.00589762671346
2012-05-17,-0.0117266498233
2012-05-18,-0.00617626886696
2012-05-21,0.0158470799998
2012-05-22,-0.00157652161214
2012-05-23,-0.00129852803991
2012-05-24,-0.00101295865992
2012-05-25,-0.00230663069877
2012-05-29,0.0118733713674
2012-05-30,-0.0147744999509
2012-05-31,-0.00021377774888
2012-06-01,-0.019935735292
2012-06-04,0.00103042301551
2012-06-05,0.0037305218081
2012-06-06,0.0205026162976
2012-06-07,0.000785641291421
2012-06-08,0.00255968911362
2012-06-11,-0.0106972685467
2012-06-12,0.0105857558859
2012-06-13,-0.0053485611587
2012-06-14,0.00747045126746
2012-06-15,0.010341297852
2012-06-18,0.00020914372852
2012-06-19,0.00998130709186
2012-06-20,-0.000902884977375
2012-06-21,-0.0214717102462
2012-06-22,0.00598536192469
2012-06-25,-0.0140456212947
2012-06-26,0.00481171729964
2012-06-27,0.00742786554115
2012-06-28,-0.000607786868
2012-06-29,0.0245731224741
2012-07-02,0.00147561867567
2012-07-03,0.00900902481361
2012-07-05,-0.00559071317483
2012-07-06,-0.00832889930811
2012-07-09,-0.00206203475672
2012-07-10,-0.00671575077934
2012-07-11,0.00111524612681
2012-07-12,-0.00523926204539
2012-07-13,0.0131783754131
2012-07-16,-0.00122042474035
2012-07-17,0.00621944289138
2012-07-18,0.00533492158287
2012-07-19,0.00451749269029
2012-07-20,-0.00938259496164
2012-07-23,-0.0122680571361
2012-07-24,-0.00716069678188
2012-07-25,0.00202256294026
2012-07-26,0.0163610912219
2012-07-27,0.0165925041959
2012-07-30,-0.000918365535391
2012-07-31,-0.00435725106834
2012-08-01,-0.0014552925622
2012-08-02,-0.00813610498296
2012-08-03,0.0197530506775
2012-08-06,0.00322652015512
2012-08-07,0.00487367823313
2012-08-08,0.00117290172417
2012-08-09,0.00116908830463
2012-08-10,0.00193161506169
2012-08-13,-0.00271888633593
2012-08-14,0.000194187300778
2012-08-15,-0.000278177862149
2012-08-16,0.00699411032906
2012-08-17,0.00100092355317
2012-08-20,-0.00105481558548
2012-08-21,-0.000385215426234
2012-08-22,-0.000409894109102
2012-08-23,-0.00586689813139
2012-08-24,0.00305883229929
2012-08-27,-0.000733699056026
2012-08-28,-0.000727303137419
2012-08-29,-0.000620435162583
2012-08-30,-0.00789033938944
2012-08-31,0.0060275308707
2012-09-04,-0.00269024113555
2012-09-05,-0.00102521247097
2012-09-06,0.016654924651
2012-09-07,0.00847324092742
2012-09-10,-0.00591676288236
2012-09-11,0.00519185909302
2012-09-12,0.0031634122862
2012-09-13,0.0139625422127
2012-09-14,0.00560927061228
2012-09-17,-0.0042417980419
2012-09-18,-0.00153390199231
2012-09-19,0.000665724202193
2012-09-20,-0.00203966141908
2012-09-21,0.0006390629
2012-09-24,-0.00144601066444
2012-09-25,-0.00810785118924
2012-09-26,-0.0053129025271
2012-09-27,0.00913208818155
2012-09-28,-0.00597824591077
2012-10-01,0.00383509354763
2012-10-02,0.00132342167795
2012-10-03,-0.000282962386411
2012-10-04,0.00708319705891
2012-10-05,0.00012471666533
2012-10-08,-0.00383425052704
2012-10-09,-0.00827999477816
2012-10-10,-0.00509637179764
2012-10-11,0.00329344059211
2012-10-12,-0.00220202625633
2012-10-15,0.0063887282883
2012-10-16,0.00977061826262
2012-10-17,0.00494576523412
2012-10-18,-0.00168160789216
2012-10-19,-0.0131753508768
2012-10-22,0.0021606649465
2012-10-23,-0.0133598678552
2012-10-24,-0.001254759349
2012-10-25,0.00409090382508
2012-10-26,-0.0013000858487
2012-10-31,0.000523063444354
2012-11-01,0.00937056606383
2012-11-02,-0.00803670445462
2012-11-05,0.00217125023692
2012-11-06,0.00727391606851
2012-11-07,-0.0156303864029
2012-11-08,-0.0100159591647
2012-11-09,0.00160322121144
2012-11-12,0.0014267688354
2012-11-13,-0.00408320152401
2012-11-14,-0.0116050902138
2012-11-15,0.000894414157315
2012-11-16,0.00229289915802
2012-11-19,0.0169808823567
2012-11-20,0.000588658825701
2012-11-21,0.00158663235186
2012-11-23,0.0124192602373
2012-11-26,-0.00134646993172
2012-11-27,-0.00498984656713
2012-11-28,0.006408745584
2012-11-29,0.00554259523306
2012-11-30,0.000374141334736
2012-12-03,-0.00249142032131
2012-12-04,-0.000546964076711
2012-12-05,0.00335887119558
2012-12-06,0.00270729387571
2012-12-07,0.00202584583779
2012-12-10,0.00136310298985
2012-12-11,0.0041760982328
2012-12-12,0.000964630291537
2012-12-13,-0.0046376608868
2012-12-14,-0.00278551450004
2012-12-17,0.00581034599403
2012-12-18,0.00809230147564
2012-12-19,-0.00173661830807
2012-12-20,0.00566848288349
2012-12-21,-0.00695052921253
2012-12-24,-0.00257392898022
2012-12-26,-0.00204140917501
2012-12-27,0.00125246505803
2012-12-28,-0.00796166899812
2012-12-31,0.0141630664766
2013-01-02,0.0201478394247
2013-01-03,-0.00302738742928
2013-01-04,0.00370465095964
2013-01-07,-0.00345168932523
2013-01-08,-0.00303923292693
2013-01-09,0.00340403286023
2013-01-10,0.0070697420817
2013-01-11,-0.000106842984466
2013-01-14,0.000516918975347
2013-01-15,0.000320483233488
2013-01-16,-0.00139821342123
2013-01-17,0.00608516661999
2013-01-18,0.00225319295364
2013-01-22,0.00266420032702
2013-01-23,-0.00117024970331
2013-01-24,0.00173753472349
2013-01-25,0.00409750202745
2013-01-28,-0.00322723044382
2013-01-29,0.00529579031425
2013-01-30,-0.00257133228137
2013-01-31,-0.00169862463816
2013-02-01,0.00785577034645
2013-02-04,-0.00994520840069
2013-02-05,0.0058271559634
2013-02-06,0.00078203102793
2013-02-07,-0.00370038842637
2013-02-08,0.00575008575479
2013-02-11,-0.00121351946758
2013-02-12,0.00167539873369
2013-02-13,0.00199933336727
2013-02-14,-0.000439112834988
2013-02-15,-0.00181813247668
2013-02-19,0.00598156956233
2013-02-20,-0.00991789871147
2013-02-21,-0.00735817289906
2013-02-22,0.00806313811183
2013-02-25,-0.0160164887942
2013-02-26,0.0057681584673
2013-02-27,0.0102882043353
2013-02-28,-0.00121730786967
2013-03-01,0.00133797244259
2013-03-04,0.00140274169368
2013-03-05,0.00798834172398
2013-03-06,0.00126727739606
2013-03-07,0.00146362187791
2013-03-08,0.00329506163913
2013-03-11,0.000878992861821
2013-03-12,-0.00270721613104
2013-03-13,-0.00110139724185
2013-03-14,0.00554214512518
2013-03-15,-0.00148500515437
2013-03-18,-0.00641871846273
2013-03-19,-0.00289504215328
2013-03-20,0.00551864286443
2013-03-21,-0.0068095755943
2013-03-22,0.00602222683906
2013-03-25,-0.00470680116337
2013-03-26,0.00667710373388
2013-03-27,1.92108558523e-05
2013-03-28,0.00265965361226
2013-04-01,-0.00531229889785
2013-04-02,0.00352364183183
2013-04-03,-0.00809144092933
2013-04-04,0.00376175455444
2013-04-05,-0.00211839222133
2013-04-08,0.00440311741763
2013-04-09,0.00347870812839
2013-04-10,0.00958560517123
2013-04-11,0.00388078004112
2013-04-12,-0.00402840941885
2013-04-15,-0.0207341187592
2013-04-16,0.0130669255107
2013-04-17,-0.0130473480864
2013-04-18,-0.00232452607546
2013-04-19,0.00698005681547
2013-04-22,0.0035347521857
2013-04-23,0.00885002001265
2013-04-24,0.00330411280377
2013-04-25,0.0043153076804
2013-04-26,-0.00191805949002
2013-04-29,0.00707198440869
2013-04-30,0.0037944108579
2013-05-01,-0.00816157293391
2013-05-02,0.00745544239312
2013-05-03,0.00832968483901
2013-05-06,0.00158294623258
2013-05-07,0.0043877207869
2013-05-08,0.00519702149886
2013-05-09,-0.00445064189763
2013-05-10,0.000798273047055
2013-05-13,-0.000923031664123
2013-05-14,0.00725722335191
2013-05-15,0.002542324878
2013-05-16,-0.00414991535759
2013-05-17,0.00720646511159
2013-05-20,0.0016672988472
2013-05-21,0.000820732538632
2013-05-22,-0.00856196149214
2013-05-23,-0.00443351201207
2013-05-24,-0.00328916999893
2013-05-28,0.00309176637991
2013-05-29,-0.00755672030398
2013-05-30,0.00224079844095
2013-05-31,-0.0150232810663
2013-06-03,0.00583320700118
2013-06-04,-0.00410995511584
2013-06-05,-0.0136128143599
2013-06-06,0.00720077795544
2013-06-07,0.00800794219206
2013-06-10,-0.00249940704262
2013-06-11,-0.00955768191401
2013-06-12,-0.00683295702935
2013-06-13,0.0148062715398
2013-06-14,-0.00684051239148
2013-06-17,0.00711847122021
2013-06-18,0.00456009508509
2013-06-19,-0.0146295794274
2013-06-20,-0.0281229723955
2013-06-21,0.00130656668508
2013-06-24,-0.0139473368153
2013-06-25,0.0122747462188
2013-06-26,0.0114126735031
2013-06-27,0.00854835042448
2013-06-28,-0.00386138855375
2013-07-01,0.00777326235789
2013-07-02,-0.00324475313029
2013-07-03,-0.00136145722051
2013-07-05,0.00374809331869
2013-07-08,0.00499596850201
2013-07-09,0.0070033554765
2013-07-10,-0.00108798200585
2013-07-11,0.0189288629267
2013-07-12,-0.000695847036986
2013-07-15,0.00325507195456
2013-07-16,-0.00245636439964
2013-07-17,0.00379636635965
2013-07-18,0.00324350936591
2013-07-19,0.000266137302308
2013-07-22,0.00190137069988
2013-07-23,0.000969346582474
2013-07-24,-0.00536123300852
2013-07-25,0.00356030588017
2013-07-26,-0.00036581038012
2013-07-29,-0.00538809990473
2013-07-30,-0.000432189612379
2013-07-31,0.000347544159016
2013-08-01,0.0115752542715
2013-08-02,0.00140906097423
2013-08-05,-0.00163425893509
2013-08-06,-0.00554044211827
2013-08-07,-0.00415995985822
2013-08-08,0.00649217706233
2013-08-09,-0.000891834503991
2013-08-12,0.000265890300436
2013-08-13,0.00196341518212
2013-08-14,-0.00267398007713
2013-08-15,-0.0113882554849
2013-08-16,-0.00337167151595
2013-08-19,-0.00795644498498
2013-08-20,0.00366126161517
2013-08-21,-0.00823793452867
2013-08-22,0.00885968231046
2013-08-23,0.00588009615162
2013-08-26,-0.00439544412317
2013-08-27,-0.0147898499222
2013-08-28,0.00201952559243
2013-08-29,0.00126437501996
2013-08-30,-0.00382526519982
2013-09-03,0.00649177382319
2013-09-04,0.00817848554573
2013-09-05,0.00165863115576
2013-09-06,0.00312375996957
2013-09-09,0.0121165687387
2013-09-10,0.00692973914656
2013-09-11,0.00306294912912
2013-09-12,-0.0036816125165
2013-09-13,0.00265051963374
2013-09-16,0.00659444474455
2013-09-17,0.00330351234354
2013-09-18,0.0175464650278
2013-09-19,-0.00219978269489
2013-09-20,-0.00815553066786
2013-09-23,-0.00140712828443
2013-09-24,-0.00187222243406
2013-09-25,-0.00160975799913
2013-09-26,0.00306029400902
2013-09-27,-0.0042409490178
2013-09-30,-0.005093206142
2013-10-01,0.00755407199857
2013-10-02,-0.000512184832463
2013-10-03,-0.00614750788879
2013-10-04,0.00589900633495
2013-10-07,-0.00778299005805
2013-10-08,-0.00949577058516
2013-10-09,0.00107268837486
2013-10-10,0.0178210432563
2013-10-11,0.00523547494719
2013-10-14,0.00336726529772
2013-10-15,-0.00667955017291
2013-10-16,0.010980638618
2013-10-17,0.00736959626548
2013-10-18,0.00507198452378
2013-10-21,-0.000348754847098
2013-10-22,0.00682870724821
2013-10-23,-0.00701795282052
2013-10-24,0.00359213090739
2013-10-25,0.00234258094022
2013-10-28,0.000853150659553
2013-10-29,0.00382714331914
2013-10-30,-0.00442293350711
2013-10-31,-0.00339617381568
2013-11-01,-0.00095184794886
2013-11-04,0.00464072094818
2013-11-05,-0.00597217420566
2013-11-06,0.00413689938552
2013-11-07,-0.0121180108815
2013-11-08,0.00694687928801
2013-11-11,0.000272616293574
2013-11-12,-0.00263859681494
2013-11-13,0.00581429509875
2013-11-14,0.00565132670302
2013-11-15,0.00602418738104
2013-11-18,-0.00100413892466
2013-11-19,-0.00296850610102
2013-11-20,-0.00477669042444
2013-11-21,0.00594688224009
2013-11-22,0.00403295565555
2013-11-25,-0.00286383560839
2013-11-26,0.000296907610925
2013-11-27,0.0022638245534
2013-11-29,0.000211016674951
2013-12-02,-0.00507007891075
2013-12-03,-0.0031764975824
2013-12-04,-0.00256019943349
2013-12-05,-0.00327059343671
2013-12-06,0.0104510284189
2013-12-09,0.00103774520123
2013-12-10,-0.00193191753318
2013-12-11,-0.0107108478097
2013-12-12,-0.00333551510646
2013-12-13,0.000117441650905
2013-12-16,0.00592402420696
2013-12-17,-0.00306936942735
2013-12-18,0.0138368526488
2013-12-19,-0.00275103585829
2013-12-20,0.00397394027988
2013-12-23,0.00507769743459
2013-12-24,0.00269699222313
2013-12-26,0.00331649586822
2013-12-27,0.00217530060988
2013-12-30,0.00153962111865
2013-12-31,0.0032874883084
2014-01-02,-0.0117091337766
2014-01-03,-0.000312189057463
2014-01-06,-0.00259492634177
2014-01-07,0.00535257903189
2014-01-08,-0.000318010205059
2014-01-09,-6.88191745564e-05
2014-01-10,0.00606439291457
2014-01-13,-0.010429503988
2014-01-14,0.00879705289056
2014-01-15,0.00295103529748
2014-01-16,-0.000966254007676
2014-01-17,-0.00265413596494
2014-01-21,0.00219598112475
2014-01-22,0.0022378633838
2014-01-23,-0.00848073459375
2014-01-24,-0.0194620997747
2014-01-27,-0.00491992445441
2014-01-28,0.00663076916697
2014-01-29,-0.00966618433257
2014-01-30,0.00803580025918
2014-01-31,-0.00681170148209
2014-02-03,-0.0190281788887
2014-02-04,0.00785557109219
2014-02-05,-0.00139528325032
2014-02-06,0.0126020221534
2014-02-07,0.00998309862954
2014-02-10,-0.00156436960525
2014-02-11,0.0118603099884
2014-02-12,0.000665072817671
2014-02-13,0.00363293972062
2014-02-14,0.00520330830815
2014-02-18,0.00185380704877
2014-02-19,-0.00486888935032
2014-02-20,0.00495097097849
2014-02-21,0.000444432563083
2014-02-24,0.00527688761218
2014-02-25,-0.00140938916255
2014-02-26,-0.000214958424393
2014-02-27,0.00585744774964
2014-02-28,0.00125459213438
2014-03-03,-0.00939027461362
2014-03-04,0.0134854649621
2014-03-05,-0.0010302021416
2014-03-06,0.00468016311425
2014-03-07,-0.00289313942527
2014-03-10,-0.0017948034992
2014-03-11,-0.00558502831519
2014-03-12,0.000379394107743
2014-03-13,-0.0110493912527
2014-03-14,-0.000313682483749
2014-03-17,0.00810387369548
2014-03-18,0.00709071408695
2014-03-19,-0.00847160694614
2014-03-20,0.00231481697555
2014-03-21,-0.00119296846998
2014-03-24,-0.00196740213571
2014-03-25,0.00613668076533
2014-03-26,-0.00381944024704
2014-03-27,0.00194827501388
2014-03-28,0.00516248643807
2014-03-31,0.00677589613315
2014-04-01,0.00604518531662
2014-04-02,0.0025057579482
2014-04-03,-0.00176319347677
2014-04-04,-0.0071795377938
2014-04-07,-0.00680897171732
2014-04-08,0.00363033935592
2014-04-09,0.00926780626183
2014-04-10,-0.0152746972264
2014-04-11,-0.00556299744507
2014-04-14,0.00498888402013
2014-04-15,0.00187757700768
2014-04-16,0.00930613394425
2014-04-17,0.00336986506746
2014-04-21,0.00212177434608
2014-04-22,0.00256831701862
2014-04-23,-0.00174379691293
2014-04-24,0.000562345100993
2014-04-25,-0.00700653292526
2014-04-28,0.00186414398737
2014-04-29,0.0046283307444
2014-04-30,0.00244216417692
2014-05-01,0.000656760510794
2014-05-02,0.000133140857402
2014-05-05,0.000499692745346
2014-05-06,-0.00401887975858
2014-05-07,0.0040579123609
2014-05-08,-0.00204319351391
2014-05-09,0.00101624141969
2014-05-12,0.00905572349882
2014-05-13,0.000766534441013
2014-05-14,-0.00194620107251
2014-05-15,-0.00681270749748
2014-05-16,0.00338675748955
2014-05-19,0.00205312295671
2014-05-20,-0.00621401081227
2014-05-21,0.00663763177366
2014-05-22,0.00276399522421
2014-05-23,0.00289383096102
2014-05-27,0.00351663322405
2014-05-28,-0.000359090148074
2014-05-29,0.00459093673696
2014-05-30,-0.00125016889478
2014-06-02,0.00109920155389
2014-06-03,-0.000131097886354
2014-06-04,0.00034094055027
2014-06-05,0.00700756276951
2014-06-06,0.00509894092801
2014-06-09,0.00130936354396
2014-06-10,-0.000631427419509
2014-06-11,-0.00272017304885
2014-06-12,-0.00380254643015
2014-06-13,0.00222528992263
2014-06-16,6.51810195049e-05
2014-06-17,0.00152097084006
2014-06-18,0.00766957428212
2014-06-19,0.00120108556296
2014-06-20,0.0012760259097
2014-06-23,-0.000843288911454
2014-06-24,-0.00614354710295
2014-06-25,0.00413612421151
2014-06-26,-0.000130776018728
2014-06-27,0.00179342315053
2014-06-30,0.000252012285817
2014-07-01,0.00612805414377
2014-07-02,-6.82704839799e-05
2014-07-03,0.00379598089301
2014-07-07,-0.00423276800421
2014-07-08,-0.00576116764975
2014-07-09,0.00383387719361
2014-07-10,-0.00545063420674
2014-07-11,0.000181765102651
2014-07-14,0.00489267755835
2014-07-15,-0.00210599496861
2014-07-16,0.00412677449717
2014-07-17,-0.0109709972723
2014-07-18,0.00873212944032
2014-07-21,-0.00124900586205
2014-07-22,0.00512427723891
2014-07-23,0.00201472714187
2014-07-24,0.000559938416157
2014-07-25,-0.00381249680361
2014-07-28,0.00035248459237
2014-07-29,-0.00334885580695
2014-07-30,-0.00147048266368
2014-07-31,-0.0165271048597
2014-08-01,-0.0014549178744
2014-08-04,0.00594624343219
2014-08-05,-0.00975075282172
2014-08-06,-0.000489693603563
2014-08-07,-0.00479135813966
2014-08-08,0.00944694393201
2014-08-11,0.00379435017548
2014-08-12,-0.00117542944935
2014-08-13,0.00538170140465
2014-08-14,0.00280387559283
2014-08-15,0.000348483683206
2014-08-18,0.00699255972403
2014-08-19,0.00369122128971
2014-08-20,0.00088742393272
2014-08-21,0.00187386477337
2014-08-22,-0.0024847889246
2014-08-25,0.00535322960095
2014-08-26,0.00186096701692
2014-08-27,0.000738269667439
2014-08-28,-0.00225299908939
2014-08-29,0.00172262287201
2014-09-02,-0.000406827552416
2014-09-03,0.00278790449776
2014-09-04,-0.00308135430918
2014-09-05,0.00397254114589
2014-09-08,-0.00517932051585
2014-09-09,-0.00579290106715
2014-09-10,0.00197327410772
2014-09-11,-0.00082577956645
2014-09-12,-0.00623002329355
2014-09-15,-0.00119897480879
2014-09-16,0.00634333565112
2014-09-17,-0.00193829001423
2014-09-18,0.00390318353396
2014-09-19,-0.00234207770684
2014-09-22,-0.0074585260418
2014-09-23,-0.00575381012059
2014-09-24,0.00668923095151
2014-09-25,-0.0133685801309
2014-09-26,0.00595118840583
2014-09-29,-0.00478983500189
2014-09-30,-0.00317155118767
2014-10-01,-0.0115618828042
2014-10-02,-0.00125211222461
2014-10-03,0.00683662715504
2014-10-06,0.00205471156903
2014-10-07,-0.0121725483557
2014-10-08,0.013493343678
2014-10-09,-0.0184175575347
2014-10-10,-0.0116562595265
2014-10-13,-0.00809926509124
2014-10-14,0.00194457986139
2014-10-15,-0.00462610177285
2014-10-16,-0.00109347699674
2014-10-17,0.0100528070024
2014-10-20,0.00668994409531
2014-10-21,0.013413990267
2014-10-22,-0.00697183917253
2014-10-23,0.00863550683791
2014-10-24,0.00534280457852
2014-10-27,-0.00355552336841
2014-10-28,0.0121270993243
2014-10-29,-0.0016332658551
2014-10-30,0.00557613080357
2014-10-31,0.0106476071826
2014-11-03,-0.00289966632734
2014-11-04,-0.00384686966614
2014-11-05,0.00293375953195
2014-11-06,0.000594318434208
2014-11-07,0.00210984338957
2014-11-10,0.00205444259204
2014-11-11,0.00185668937882
2014-11-12,-0.00217263516622
2014-11-13,-0.000209206052535
2014-11-14,0.00184351799147
2014-11-17,-0.00252609986811
2014-11-18,0.00551657726303
2014-11-19,-0.00130663430044
2014-11-20,0.00133045994594
2014-11-21,0.0083910668053
2014-11-24,0.00143534961764
2014-11-25,-0.00130289643409
2014-11-26,0.00251315979172
2014-11-28,-0.00802149796324
2014-12-01,-0.00646063359278
2014-12-02,0.00426936595353
2014-12-03,0.00351928208686
2014-12-04,-0.00146359749973
2014-12-05,0.000738118611003
2014-12-08,-0.00885149676343
2014-12-09,-0.00110413990118
2014-12-10,-0.0136691595581
2014-12-11,0.00128124687097
2014-12-12,-0.0136116517799
2014-12-15,-0.0089684833103
2014-12-16,-0.0027442616716
2014-12-17,0.0175893803704
2014-12-18,0.0179991445892
2014-12-19,0.00442247089562
2014-12-22,0.00416663139674
2014-12-23,0.000421860242451
2014-12-24,0.000548051148752
2014-12-26,0.00276905400458
2014-12-29,8.65502960716e-05
2014-12-30,-0.00408383803455
2014-12-31,-0.00648973339386
2015-01-02,-0.00262695664633
2015-01-05,-0.0161298364025
2015-01-06,-0.00779284164783
2015-01-07,0.0110896619122
2015-01-08,0.0147004817266
2015-01-09,-0.00591198321333
2015-01-12,-0.00613524037925
2015-01-13,-5.58533348284e-05
2015-01-14,-0.00334287482999
2015-01-15,-0.00402521445122
2015-01-16,0.0109624971282
2015-01-20,0.00126438899484
2015-01-21,0.00645024267128
2015-01-22,0.011089755108
2015-01-23,-0.00432302956551
2015-01-26,0.00485852768341
2015-01-27,-0.00642598814113
2015-01-28,-0.0121569225456
2015-01-29,0.00720118147734
2015-01-30,-0.0123886386656
2015-02-02,0.0115153474632
2015-02-03,0.0132583268243
2015-02-04,-0.00457430953503
2015-02-05,0.00881041600504
2015-02-06,-0.00587762328451
2015-02-09,-0.00377438967496
2015-02-10,0.00635049427568
2015-02-11,-0.00171218897769
2015-02-12,0.0104093519296
2015-02-13,0.00571222641636
2015-02-17,0.000897094881686
2015-02-18,0.00129478648213
2015-02-19,-0.000941430885989
2015-02-20,0.00513129991831
2015-02-23,-0.00170494160459
2015-02-24,0.0041578193868
2015-02-25,-0.000194074202187
2015-02-26,-0.0020802847391
2015-02-27,-0.00127479707547
2015-03-02,0.00247201128622
2015-03-03,-0.00433457328958
2015-03-04,-0.0040887093829
2015-03-05,0.000879656380274
2015-03-06,-0.0136137204461
2015-03-09,0.0020573950267
2015-03-10,-0.0139389955543
2015-03-11,0.000540993745512
2015-03-12,0.0095587374161
2015-03-13,-0.00565443945948
2015-03-16,0.0106314763343
2015-03-17,-0.00101412777835
2015-03-18,0.014286310109
2015-03-19,-0.00668028621873
2015-03-20,0.00994190694627
2015-03-23,0.000264842208776
2015-03-24,-0.00263996784155
2015-03-25,-0.0107369568328
2015-03-26,-0.00321206261019
2015-03-27,0.00187962730424
2015-03-30,0.00985803220257
2015-03-31,-0.00751009913601
2015-04-01,0.00152922719154
2015-04-02,0.0043960032211
2015-04-06,0.00754323430705
2015-04-07,-0.00185557090832
2015-04-08,0.00470219936369
2015-04-09,0.00419151282108
2015-04-10,0.00254820272055
2015-04-13,-0.00384107422064
2015-04-14,0.00303783663023
2015-04-15,0.00511288178097
2015-04-16,0.000754995401178
2015-04-17,-0.0107502758702
2015-04-20,0.00455674899296
2015-04-21,0.00150794891925
2015-04-22,0.00401235101371
2015-04-23,0.00296406941064
2015-04-24,0.0020997170198
2015-04-27,-0.0016237753471
2015-04-28,0.00205380825563
2015-04-29,-0.00498735370348
2015-04-30,-0.00916953931248
2015-05-01,0.00694478869854
2015-05-04,0.00237806128641
2015-05-05,-0.0106175402804
2015-05-06,-0.00324178283981
2015-05-07,0.00126293868463
2015-05-08,0.0127122447786
2015-05-11,-0.00611433943162
2015-05-12,-0.00136953581568
2015-05-13,0.00141379036606
2015-05-14,0.00864849556304
2015-05-15,0.00231093509311
2015-05-18,-0.00018488861286
2015-05-19,-0.00154206309376
2015-05-20,-0.000193448847762
2015-05-21,0.0028062313798
2015-05-22,-0.00242836931188
2015-05-26,-0.0105325912815
2015-05-27,0.00662419928099
2015-05-28,-0.00258902313087
2015-05-29,-0.00640259693248
2015-06-01,0.00047104304458
2015-06-02,0.000368834373736
2015-06-03,0.00185534566974
2015-06-04,-0.00831620547535
2015-06-05,-0.0031499021213
2015-06-08,-0.00376111928909
2015-06-09,-0.0023677595687
2015-06-10,0.0122379445177
2015-06-11,0.00179276262122
2015-06-12,-0.00521877367018
2015-06-15,-0.00478703533514
2015-06-16,0.00380604213629
2015-06-17,0.00102663223951
2015-06-18,0.0079904625075
2015-06-19,-0.00391632068134
2015-06-22,0.00755377337156
2015-06-23,0.00198223007044
2015-06-24,-0.0060552011154
2015-06-25,-0.00280292242485
2015-06-26,-0.00125493126343
2015-06-29,-0.0188643205701
2015-06-30,0.00219166113016
2015-07-01,0.00436338083212
2015-07-02,0.00064801511508
2015-07-06,-0.00812293477597
2015-07-07,0.0021352135487
2015-07-08,-0.0169968896944
2015-07-09,0.00576982786907
2015-07-10,0.014493322963
2015-07-13,0.00766732259975
2015-07-14,0.00422138842906
2015-07-15,-0.00353701752
2015-07-16,0.006495791876
2015-07-17,-0.000756725614666
2015-07-20,-0.000660259790734
2015-07-21,-0.00300207526538
2015-07-22,-0.00386381706133
2015-07-23,-0.004312881829
2015-07-24,-0.00943813622323
2015-07-27,-0.00726750095533
2015-07-28,0.0105625735327
2015-07-29,0.00591913989922
2015-07-30,-0.000591780522605
2015-07-31,0.000503921167226
2015-08-03,-0.00459137334527
2015-08-04,-0.000766451367536
2015-08-05,0.00284908855483
2015-08-06,-0.0053928744119
2015-08-07,-0.00263799411768
2015-08-10,0.0113080542286
2015-08-11,-0.00898432038484
2015-08-12,-0.00172464103326
2015-08-13,-0.00146057719742
2015-08-14,0.00260601745432
2015-08-17,0.00213932627031
2015-08-18,-0.0041236612405
2015-08-19,-0.0083107951022
2015-08-20,-0.0179800071933
2015-08-21,-0.0241720298715
2015-08-24,-0.0350862879449
2015-08-25,-0.00411907331657
2015-08-26,0.0283515549585
2015-08-27,0.0210506865664
2015-08-28,-0.00059755973895
2015-08-31,-0.00522552214024
2015-09-01,-0.0259139813544
2015-09-02,0.0141862602309
2015-09-03,0.0016973704414
2015-09-04,-0.0149469609195
2015-09-08,0.0217357899914
2015-09-09,-0.0093706410192
2015-09-10,0.00435630133968
2015-09-11,0.00241762778918
2015-09-14,-0.00386404352886
2015-09-15,0.00894030855699
2015-09-16,0.0102282030654
2015-09-17,4.66077367052e-05
2015-09-18,-0.0157640129063
2015-09-21,0.00268680235382
2015-09-22,-0.0129129622506
2015-09-23,-0.00392690401443
2015-09-24,-0.00239680849676
2015-09-25,0.000674425208607
2015-09-28,-0.0203648643153
2015-09-29,0.00082101345535
2015-09-30,0.0165200678623
2015-10-01,0.00173865169953
2015-10-02,0.0151995388452
2015-10-05,0.0162531112235
2015-10-06,-0.00091919912643
2015-10-07,0.00939625430862
2015-10-08,0.00832655620228
2015-10-09,0.000970720280967
2015-10-12,-0.000955052318603
2015-10-13,-0.00830683017324
2015-10-14,-0.00149024617442
2015-10-15,0.0136124098508
2015-10-16,0.00243231597348
2015-10-19,-0.00186115898919
2015-10-20,-0.00133686763733
2015-10-21,-0.00560378288609
2015-10-22,0.0132863942406
2015-10-23,0.00716974599424
2015-10-26,-0.00373894900868
2015-10-27,-0.00451000923777
2015-10-28,0.00719465992474
2015-10-29,-0.00287022068262
2015-10-30,-0.00199923136854
2015-11-02,0.0110872643613
2015-11-03,0.00341639508582
2015-11-04,-0.00327806448826
2015-11-05,-0.00122919214759
2015-11-06,-0.00267800253103
2015-11-09,-0.00991311088579
2015-11-10,0.00114494445471
2015-11-11,-0.00230277200969
2015-11-12,-0.0118850070543
2015-11-13,-0.00821342001086
2015-11-16,0.0134283280735
2015-11-17,-0.000623518908844
2015-11-18,0.0117025408038
2015-11-19,0.000751944520546
2015-11-20,0.00238221720598
2015-11-23,-0.00173121880175
2015-11-24,0.00285401320847
2015-11-25,-0.000314038949724
2015-11-27,-0.0014341822236
2015-11-30,-0.00236350018886
2015-12-01,0.00791975077467
2015-12-02,-0.00933614920762
2015-12-03,-0.0102471982486
2015-12-04,0.0116891809192
2015-12-07,-0.00789403437698
2015-12-08,-0.00740055434028
2015-12-09,-0.00513753028691
2015-12-10,0.000878622373699
2015-12-11,-0.0171035417208
2015-12-14,0.00381343772585
2015-12-15,0.00819436021192
2015-12-16,0.0126876510029
2015-12-17,-0.0113218707277
2015-12-18,-0.0120505535841
2015-12-21,0.00624058157664
2015-12-22,0.00762431970033
2015-12-23,0.0124584598321
2015-12-24,-0.00181221490607
2015-12-28,-0.00273502362307
2015-12-29,0.00784847450489
2015-12-30,-0.00667463222633
2015-12-31,-0.00716817056814
2016-01-04,-0.0135094279497
2016-01-05,0.00167075768296
2016-01-06,-0.0126977037984
2016-01-07,-0.0196711782668
2016-01-08,-0.00940949159192
2016-01-11,-0.000819147269597
2016-01-12,0.005040417291
2016-01-13,-0.0178952002859
2016-01-14,0.01218559413
2016-01-15,-0.0211816648253
2016-01-19,0.00154560033969
2016-01-20,-0.0116736828785
2016-01-21,0.00464064647961
2016-01-22,0.0202086888112
2016-01-25,-0.0139155550924
2016-01-26,0.0138314391729
2016-01-27,-0.00733673193371
2016-01-28,0.00532819624115
2016-01-29,0.0210723705028
2016-02-01,-0.00213824994319
2016-02-02,-0.0173906371622
2016-02-03,0.0083784443401
2016-02-04,0.00238490438082
2016-02-05,-0.0146102715207
2016-02-08,-0.0116723070915
2016-02-09,-0.00407937322794
2016-02-10,-0.000164640585431
2016-02-11,-0.0101213463902
2016-02-12,0.0150353384353
2016-02-16,0.0151895303706
2016-02-17,0.0144600934464
2016-02-18,-0.00355525488821
2016-02-19,-0.000772579023612
2016-02-22,0.0127595440316
2016-02-23,-0.0122289082604
2016-02-24,0.00266449750693
2016-02-25,0.00874727988855
2016-02-26,-0.00229827202698
2016-02-29,-0.00500912659826
2016-03-01,0.0204910073816
2016-03-02,0.00600472774556
2016-03-03,0.00593654810382
2016-03-04,0.00533379416789
2016-03-07,0.00163076348611
2016-03-08,-0.010993368407
2016-03-09,0.00442422678809
2016-03-10,-0.000431161126568
2016-03-11,0.0159446561455
2016-03-14,-0.00165187543828
2016-03-15,-0.00495125673197
2016-03-16,0.0077349791933
2016-03-17,0.00855336519457
2016-03-18,0.00280768792224
2016-03-21,0.000367732509398
2016-03-22,-0.00100473936358
2016-03-23,-0.00795297316796
2016-03-24,-0.00142873899826
2016-03-28,0.00166454940527
2016-03-29,0.00929057760556
2016-03-30,0.00470418546774
2016-03-31,-0.00216098697209
2016-04-01,0.00151888644901
2016-04-04,-0.0040516244986
2016-04-05,-0.00996917974032
2016-04-06,0.0103344293715
2016-04-07,-0.0102543068137
2016-04-08,0.00700727871826
2016-04-11,-0.000519082616066
2016-04-12,0.0101561676206
2016-04-13,0.0104972521841
2016-04-14,-0.000527359507635
2016-04-15,-0.00132859494264
2016-04-18,0.00605731153509
2016-04-19,0.0065355519907
2016-04-20,-0.000194923694989
2016-04-21,-0.00526685633715
2016-04-22,0.000720442191739
2016-04-25,-0.00306865199868
2016-04-26,0.00385592104028
2016-04-27,0.00315981547919
2016-04-28,-0.00847884655212
2016-04-29,-0.00391513799838
2016-05-02,0.00545070811181
2016-05-03,-0.0109912929704
2016-05-04,-0.0066940509643
2016-05-05,6.03755870854e-05
2016-05-06,0.00241884507185
2016-05-09,-0.00159920583734
2016-05-10,0.0113513827581
2016-05-11,-0.00629119305951
2016-05-12,0.00020350007388
2016-05-13,-0.00866897561584
2016-05-16,0.00892194711644
2016-05-17,-0.00614142905033
2016-05-18,-0.00197762380035
2016-05-19,-0.00418206754628
2016-05-20,0.00637275338538
2016-05-23,-0.00150315770477
2016-05-24,0.0103628578586
2016-05-25,0.00688710046164
2016-05-26,0.000787562030315
2016-05-27,0.00191966132477
2016-05-31,-0.000815483645036
2016-06-01,0.00142949200663
2016-06-02,0.00267781033483
2016-06-03,0.00134647255815
2016-06-06,0.0054330766865
2016-06-07,0.00418068889265
2016-06-08,0.00345927261965
2016-06-09,-0.00394261876001
2016-06-10,-0.0124701092646
2016-06-13,-0.00797602569768
2016-06-14,-0.00305586850901
2016-06-15,0.00109316342205
2016-06-16,0.00160216201775
2016-06-17,0.00043420355914
2016-06-20,0.00879005858226
2016-06-21,0.00351750539622
2016-06-22,-0.00162334913941
2016-06-23,0.0141090929094
2016-06-24,-0.0383853493185
2016-06-27,-0.0151361304298
2016-06-28,0.0176072131305
2016-06-29,0.0150887683634
2016-06-30,0.0112930485763
2016-07-01,0.00238862645685
2016-07-05,-0.00927696136224
2016-07-06,0.00351721195118
2016-07-07,-0.000241231029691
2016-07-08,0.0116828885175
2016-07-11,0.00492737145713
2016-07-12,0.0086423277004
2016-07-13,-0.000695016448454
2016-07-14,0.00527364661022
2016-07-15,-0.00197079423743
2016-07-18,0.00247594422706
2016-07-19,-0.00316788216096
2016-07-20,0.00427446638536
2016-07-21,-0.00340511882987
2016-07-22,0.00340474802398
2016-07-25,-0.0032704377732
2016-07-26,0.00227407356297
2016-07-27,-0.000625207199817
2016-07-28,0.000753731902145
2016-07-29,0.00408926208715
2016-08-01,-0.003502930966
2016-08-02,-0.00483668598741
2016-08-03,0.0024160141053
2016-08-04,0.00224838794386
2016-08-05,0.00619384074423
2016-08-08,0.00130203979582
2016-08-09,0.00227045342845
2016-08-10,-0.00137897584517
2016-08-11,0.005530042023
2016-08-12,-0.000750677486202
2016-08-15,0.00375568847821
2016-08-16,-0.00402071243787
2016-08-17,0.000402389740694
2016-08-18,0.00429909212584
2016-08-19,-0.0028021326537
2016-08-22,-0.00122039115428
2016-08-23,0.00179891935554
2016-08-24,-0.00333336022807
2016-08-25,-0.00112425175764
2016-08-26,-0.00333971505794
2016-08-29,0.00481088203653
2016-08-30,-0.00174128894498
2016-08-31,-0.00363946131608
2016-09-01,0.00166001512781
2016-09-02,0.00619749099303
2016-09-06,0.00528556098647
2016-09-07,0.000449379388402
2016-09-08,-0.00157398758697
2016-09-09,-0.0217964140166
2016-09-12,0.0100464789389
2016-09-13,-0.0157225774006
2016-09-14,-0.000450192071583
2016-09-15,0.00897526855719
2016-09-16,-0.00505694535773
2016-09-19,0.00253854547607
2016-09-20,0.000416487617358
2016-09-21,0.0126733386109
2016-09-22,0.00621177401807
2016-09-23,-0.00657524079007
2016-09-26,-0.00711255125757
2016-09-27,0.00497414345102
2016-09-28,0.00697983212552
2016-09-29,-0.0089458144136
2016-09-30,0.00651227297902
2016-10-03,-0.00150123963742
2016-10-04,-0.00488414952347
2016-10-05,0.00466112187931
2016-10-06,-0.000608323776661
2016-10-07,-0.0037262469316
2016-10-10,0.00455647007017
2016-10-11,-0.0120911628052
2016-10-12,0.000246734447966
2016-10-13,-0.00311233744613
2016-10-14,-0.000206575617469
2016-10-17,-0.00219109307484
2016-10-18,0.00643907197719
2016-10-19,0.00304613002223
2016-10-20,-0.000983259197674
2016-10-21,-0.000457428720284
2016-10-24,0.00269272106641
2016-10-25,-0.00237008454066
2016-10-26,-0.00297476898697
2016-10-27,-0.00329202682876
2016-10-28,-0.0021371591538
2016-10-31,0.000792507535877
2016-11-01,-0.00540428615997
2016-11-02,-0.00574398367633
2016-11-03,-0.00245321036283
2016-11-04,-0.00294322037193
2016-11-07,0.0181535086962
2016-11-08,0.00306661011974
2016-11-09,0.00315614184604
2016-11-10,-0.00213479380734
2016-11-11,-0.00386858763723
2016-11-14,-0.00113160495455
2016-11-15,0.00844336259548
2016-11-16,-0.00342515444163
2016-11-17,0.00333034661569
2016-11-18,-0.00239279916115
2016-11-21,0.00725893544369
2016-11-22,0.00260666328657
2016-11-23,-0.00101783788043
2016-11-25,0.002982986894
2016-11-28,-0.00390416240485
2016-11-29,0.000564848776791
2016-11-30,-0.00010328271675
2016-12-01,-0.00354498092141
2016-12-02,0.00099643890226
2016-12-05,0.00585515999088
2016-12-06,0.00476624194569
2016-12-07,0.0118731306787
2016-12-08,0.00232797201352
2016-12-09,0.00323381241914
2016-12-12,-0.00250386317665
2016-12-13,0.00634372760992
2016-12-14,-0.0115645465206
2016-12-15,0.00201919212289
2016-12-16,-0.000964191425113
2016-12-19,0.00109703462311
2016-12-20,0.00267203793107
2016-12-21,-0.00174837799559
2016-12-22,-0.002306749355
2016-12-23,0.00159969169494
2016-12-27,0.00162802577481
2016-12-28,-0.00457800350846
2016-12-29,0.00229571787331
2016-12-30,-0.00255548311821
2017-01-03,0.00632598514702
2017-01-04,0.00700754612608
2017-01-05,0.00138863193458
2017-01-06,0.000811861922332
2017-01-09,-0.00310981704445
2017-01-10,0.000635881557889
2017-01-11,0.00450124428618
2017-01-12,-0.000816364521258
2017-01-13,0.00155875095201
2017-01-17,-0.0021436744092
2017-01-18,-0.000235963246177
2017-01-19,-0.00337943908762
2017-01-20,0.00262039363518
2017-01-23,-4.1051605008e-05
2017-01-24,0.00592643835828
2017-01-25,0.00696815537062
2017-01-26,-0.00172368627794
2017-01-27,-0.00124743514151
2017-01-30,-0.00594236019704
2017-01-31,0.00115526788777
2017-02-01,-0.000278773590833
2017-02-02,0.00144887272047
2017-02-03,0.00584536635128
2017-02-06,-0.00279739437259
2017-02-07,-0.000780300584951
2017-02-08,0.00202526822065
2017-02-09,0.00486649871967
2017-02-10,0.00425830937155
2017-02-13,0.00375152429463
2017-02-14,0.00187073409534
2017-02-15,0.00402244486518
2017-02-16,-0.000390742908991
2017-02-17,0.000167222802135
2017-02-21,0.00511526396059
2017-02-22,-0.000905244868693
2017-02-23,0.000365284818193
2017-02-24,-0.00117609947743
2017-02-27,0.00093933017653
2017-02-28,-0.00331716985934
2017-03-01,0.0107176491277
2017-03-02,-0.00653697522239
